{"loss": 1.8102, "grad_norm": 12.98526382446289, "learning_rate": 5e-05, "epoch": 0.2229654403567447}
{"loss": 0.7472, "grad_norm": 9.764396667480469, "learning_rate": 0.0001, "epoch": 0.4459308807134894}
{"loss": 0.7734, "grad_norm": 10.389581680297852, "learning_rate": 8.563218390804599e-05, "epoch": 0.6688963210702341}
{"loss": 0.7388, "grad_norm": 7.500674724578857, "learning_rate": 7.126436781609196e-05, "epoch": 0.8918617614269788}
{"loss": 0.609, "grad_norm": 7.919656276702881, "learning_rate": 5.689655172413794e-05, "epoch": 1.1148272017837235}
{"loss": 0.5048, "grad_norm": 7.206753253936768, "learning_rate": 4.252873563218391e-05, "epoch": 1.3377926421404682}
{"loss": 0.4987, "grad_norm": 7.797181606292725, "learning_rate": 2.8160919540229884e-05, "epoch": 1.560758082497213}
{"loss": 0.5167, "grad_norm": 6.9124298095703125, "learning_rate": 1.3793103448275863e-05, "epoch": 1.7837235228539576}
{"train_runtime": 1399.3978, "train_samples_per_second": 2.563, "train_steps_per_second": 0.16, "total_flos": 1.6719766756768416e+16, "train_loss": 0.7450085622923714, "epoch": 1.9977703455964324}
{"loss": 2.0068, "grad_norm": NaN, "learning_rate": 4.4000000000000006e-05, "epoch": 0.2229654403567447}
{"loss": 0.7517, "grad_norm": 8.953821182250977, "learning_rate": 9.200000000000001e-05, "epoch": 0.4459308807134894}
{"loss": 0.7676, "grad_norm": 9.409687995910645, "learning_rate": 8.793103448275862e-05, "epoch": 0.6688963210702341}
{"loss": 0.7454, "grad_norm": 6.275441646575928, "learning_rate": 7.35632183908046e-05, "epoch": 0.8918617614269788}
{"loss": 0.6101, "grad_norm": 6.2414374351501465, "learning_rate": 5.9195402298850576e-05, "epoch": 1.1148272017837235}
{"loss": 0.5149, "grad_norm": 7.106531620025635, "learning_rate": 4.482758620689655e-05, "epoch": 1.3377926421404682}
{"loss": 0.5037, "grad_norm": 6.24813985824585, "learning_rate": 3.045977011494253e-05, "epoch": 1.560758082497213}
{"loss": 0.5219, "grad_norm": 6.813010215759277, "learning_rate": 1.6091954022988507e-05, "epoch": 1.7837235228539576}
{"train_runtime": 1385.4135, "train_samples_per_second": 2.588, "train_steps_per_second": 0.162, "total_flos": 1.6719766756768416e+16, "train_loss": 0.7712860575744084, "epoch": 1.9977703455964324}
{"loss": 1.9937, "grad_norm": 12.193355560302734, "learning_rate": 4.8e-05, "epoch": 0.2229654403567447}
{"loss": 0.7494, "grad_norm": 8.639850616455078, "learning_rate": 9.8e-05, "epoch": 0.4459308807134894}
{"loss": 0.7751, "grad_norm": 10.143525123596191, "learning_rate": 8.620689655172413e-05, "epoch": 0.6688963210702341}
{"loss": 0.7442, "grad_norm": 6.9896392822265625, "learning_rate": 7.183908045977011e-05, "epoch": 0.8918617614269788}
{"loss": 0.617, "grad_norm": 6.435668468475342, "learning_rate": 5.747126436781609e-05, "epoch": 1.1148272017837235}
{"loss": 0.511, "grad_norm": 6.594618797302246, "learning_rate": 4.3103448275862066e-05, "epoch": 1.3377926421404682}
{"loss": 0.504, "grad_norm": 6.581345081329346, "learning_rate": 2.8735632183908045e-05, "epoch": 1.560758082497213}
{"loss": 0.5202, "grad_norm": 8.524420738220215, "learning_rate": 1.4367816091954022e-05, "epoch": 1.7837235228539576}
{"train_runtime": 1388.9625, "train_samples_per_second": 2.582, "train_steps_per_second": 0.161, "total_flos": 1.6719766756768416e+16, "train_loss": 0.7695716747215816, "epoch": 1.9977703455964324}
